"word","n"
"的",1549
"我",706
"是",491
"了",467
"小孩",461
"都",346
"有",307
"不",305
"也",301
"你",284
"就",281
"會",266
"生小孩",255
"自己",237
"要",236
"在",220
"他",179
"結婚",167
"人",166
"很",161
"跟",153
"沒",149
"可以",144
"覺得",142
"一個",132
"說",130
"好",128
"就是",126
"為",125
"但",121
"因為",120
"什麼",116
"生",114
"想",114
"沒有",111
"如果",104
"到",99
"現在",99
"嗎",98
"去",97
"真的",93
"不會",89
"被",83
"和",83
"不想",80
"讓",79
"人生",79
"這樣",79
"對",78
"不是",76
"她",75
"孩子",74
"父母",73
"啊",72
"一樣",69
"才",68
"還是",67
"那",67
"生活",66
"他們",66
"時間",65
"所以",65
"知道",65
"問題",63
"呢",62
"多",61
"很多",61
"錢",61
"上",61
"時候",59
"工作",58
"看",58
"但是",57
"不要",56
"大家",55
"又",55
"朋友",53
"這個",53
"看到",52
"可能",52
"一定",52
"照顧",52
"後",51
"經濟",50
"吧",49
"我們",49
"養",48
"應該",48
"比較",47
"開始",47
"這",47
"喜歡",46
"一直",45
"別人",44
"已經",44
"把",43
"女生",43
"想要",43
"這麼",43
"做",43
"其實",42
"買",41
"而",40
"或",40
"這種",40
"家庭",39
"然後",39
"再",39
"怎麼",39
"只是",39
"辦法",37
"不過",37
"還有",37
"老公",37
"歲",37
"台灣",37
"個",36
"根本",36
"生子",36
"更",35
"們",35
"能",35
"帶",34
"啦",34
"媽媽",34
"社會",34
"著",34
"感覺",33
"還要",33
"來",33
"事",33
"需要",33
"得",32
"出來",31
"之後",31
"雖然",30
"想法",30
"比",29
"不能",29
"單身",29
"而且",29
"還",29
"希望",29
"從",28
"的話",28
"那些",27
"前",27
"像",27
"選擇",27
"這些",27
"吃",26
"多少",26
"身邊",26
"完全",26
"無法",26
"下來",26
"一點",26
"一起",26
"以後",26
"非常",25
"就算",25
"甚麼",25
"甚至",25
"世界",25
"萬",25
"壓力",25
"之前",25
"只有",25
"不然",24
"不生",24
"大概",24
"等",24
"東西",24
"快樂",24
"長大",24
"必須",23
"不用",23
"或是",23
"你們",23
"是不是",23
"一堆",23
"以前",23
"有人",23
"最近",23
"愛",22
"爸媽",22
"本來",22
"當然",22
"理由",22
"年紀",22
"認為",22
"一",22
"只",22
"中",22
"阿",21
"幫",21
"不敢",21
"不夠",21
"決定",21
"買房",21
"男友",21
"陪",21
"窮人",21
"生活品質",21
"願意",21
"找",21
"懷孕",20
"環境",20
"家",20
"家裡",20
"結果",20
"可是",20
"兩個",20
"每個",20
"目前",20
"那麼",20
"努力",20
"痛苦",20
"一下",20
"大",19
"對象",19
"而已",19
"發現",19
"考慮",19
"拿",19
"聽",19
"小",19
"只能",19
"2",18
"房子",18
"高",18
"過",18
"叫",18
"快",18
"女孩",18
"時",18
"同學",18
"未來",18
"用",18
"有沒有",18
"責任",18
"30",17
"常常",17
"擔心",17
"對方",17
"改變",17
"接受",17
"來說",17
"老",17
"妳",17
"男生",17
"年輕人",17
"請",17
"誰",17
"完",17
"辛苦",17
"長輩",17
"最",17
"出國",16
"到底",16
"煩惱",16
"夫妻",16
"好像",16
"花",16
"幾乎",16
"家人",16
"就要",16
"滿足",16
"能力",16
"女人",16
"卻",16
"討論",16
"討厭",16
"玩",16
"下",16
"遇到",16
"原因",16
"至少",16
"po",16
"幫忙",15
"不到",15
"除了",15
"反正",15
"各位",15
"給",15
"好好",15
"後來",15
"教育",15
"年",15
"年輕",15
"如題",15
"犧牲",15
"以",15
"有點",15
"怎樣",15
"賺",15
"本身",14
"個人",14
"男方",14
"喔",14
"上班",14
"身體",14
"為何",14
"想到",14
"與",14
"月",14
"增加",14
"只要",14
"住",14
"自私",14
"最後",14
"1",13
"3",13
"不好",13
"出生",13
"打",13
"當",13
"對於",13
"付出",13
"機會",13
"交往",13
"可愛",13
"連",13
"慢慢",13
"女",13
"女兒",13
"起來",13
"太",13
"條件",13
"偉大",13
"我會",13
"想生",13
"幸福",13
"尤其",13
"有錢",13
"有錢人",13
"有些",13
"畢竟",12
"不錯",12
"不管",12
"不同",12
"出",12
"打算",12
"分享",12
"負責",12
"給他",12
"話",12
"婚姻",12
"基因",12
"另外",12
"每天",12
"那種",12
"其他",12
"人口",12
"若",12
"身上",12
"死",12
"問",12
"一般",12
"衣服",12
"影響",12
"有時候",12
"之類",12
"10",11
"傳宗接代",11
"得到",11
"該",11
"感情",11
"剛好",11
"關係",11
"很大",11
"恨",11
"後悔",11
"或者",11
"老婆",11
"另一半",11
"每次",11
"陪伴",11
"認真",11
"日本",11
"生育率",11
"十年",11
"事情",11
"是否",11
"雙方",11
"現代",11
"消費",11
"笑",11
"一次",11
"一切",11
"以上",11
"因素",11
"找到",11
"這件",11
"整個",11
"資源",11
"自我",11
"走",11
"u",11
"xd",11
"40",10
"抱",10
"不行",10
"才能",10
"穿",10
"等等",10
"負擔",10
"富裕",10
"高中",10
"國外",10
"好處",10
"花錢",10
"回去",10
"會想",10
"開銷",10
"看看",10
"靠",10
"例子",10
"兩人",10
"旅遊",10
"美國",10
"情況",10
"少子",10
"似乎",10
"收入",10
"下班",10
"像是",10
"小孩子",10
"許多",10
"養兒防老",10
"也許",10
"一輩子",10
"一年",10
"醫生",10
"越來越",10
"運動",10
"造成",10
"政府",10
"脂肪",10
"狀況",10
"5",9
"抱怨",9
"變",9
"變成",9
"並",9
"不婚",9
"擦",9
"成長",9
"存",9
"而是",9
"否則",9
"父母親",9
"更好",9
"過得",9
"害怕",9
"化",9
"即使",9
"家長",9
"膠原蛋白",9
"經驗",9
"絕對",9
"哭",9
"買不起",9
"買車",9
"哪",9
"跑",9
"認識",9
"日子",9
"生完",9
"受苦",9
"所謂",9
"她們",9
"太多",9
"同事",9
"突然",9
"洗",9
"先",9
"先生",9
"羨慕",9
"呀",9
"一個月",9
"一天",9
"一些",9
"原來",9
"這是",9
"只好",9
"賺錢",9
"最好",9
"保母",8
"不如",8
"不少",8
"成為",8
"寵物",8
"除非",8
"存款",8
"大多數",8
"弟弟",8
"反而",8
"分手",8
"搞",8
"公司",8
"過程",8
"還在",8
"話題",8
"基本",8
"及",8
"幾年",8
"加上",8
"價值觀",8
"堅持",8
"講",8
"教",8
"今天",8
"金錢",8
"開心",8
"看過",8
"罵",8
"每年",8
"明明",8
"母愛",8
"女方",8
"女孩兒",8
"窮",8
"全部",8
"啥",8
"生病",8
"生產",8
"生活費",8
"生下",8
"生育",8
"失去",8
"事業",8
"睡",8
"送",8
"聽到",8
"唯一",8
"維持",8
"我媽",8
"下去",8
"享受",8
"想像",8
"新聞",8
"養老",8
"要求",8
"要生",8
"一生",8
"慾望",8
"原",8
"原本",8
"早",8
"早就",8
"只會",8
"重要",8
"自由",8
"a",8
"solo",8
"20",7
"爸爸",7
"不斷",7
"差不多",7
"打工",7
"導致",7
"地球",7
"點",7
"兒子",7
"方式",7
"費用",7
"複製",7
"乾媽",7
"幹嘛",7
"狗",7
"鼓勵",7
"怪",7
"觀念",7
"規劃",7
"還沒",7
"好奇",7
"後面",7
"回",7
"回家",7
"回來",7
"婚後",7
"幾個",7
"家事",7
"可",7
"累",7
"裡",7
"例如",7
"兩年",7
"亂",7
"面對",7
"你生",7
"年齡",7
"年薪",7
"唸書",7
"怕",7
"拼",7
"品質",7
"普通",7
"親戚",7
"缺乏",7
"確定",7
"人類",7
"認同",7
"如何",7
"剩下",7
"實在",7
"算",7
"所有",7
"臺灣",7
"提到",7
"提升",7
"通通",7
"完整",7
"晚生",7
"穩定",7
"問過",7
"物質",7
"下一代",7
"小心",7
"興趣",7
"一代",7
"遺傳",7
"有個",7
"越",7
"真",7
"直接",7
"中國",7
"自然",7
"足夠",7
"c",7
"12",6
"15",6
"24",6
"500",6
"阿公",6
"爸",6
"拜託",6
"伴侶",6
"寶寶",6
"崩潰",6
"標準",6
"部分",6
"曾經",6
"吵架",6
"成",6
"吃飯",6
"充滿",6
"出門",6
"從國",6
"大部分",6
"倒",6
"地",6
"地方",6
"低",6
"第一次",6
"懂",6
"動物",6
"多生",6
"房",6
"房貸",6
"概念",6
"乾脆",6
"剛剛",6
"告訴",6
"各種",6
"更是",6
"共識",6
"過年",6
"還好",6
"還會",6
"花費",6
"既然",6
"家族",6
"減少",6
"簡單",6
"建議",6
"將來",6
"階級",6
"解決",6
"今年",6
"久",6
"就生",6
"考量",6
"另",6
"路",6
"麻煩",6
"買房子",6
"蠻",6
"沒關係",6
"那個",6
"男",6
"男人",6
"能夠",6
"貧窮",6
"婆婆",6
"期待",6
"輕鬆",6
"情緒",6
"全家",6
"確實",6
"人家",6
"任何",6
"生命",6
"適合",6
"台",6
"特質",6
"投資",6
"文章",6
"無",6
"下降",6
"相處",6
"小時",6
"小時候",6
"心態",6
"薪水",6
"學習",6
"學校",6
"爺爺",6
"一半",6
"一間",6
"一篇",6
"依然",6
"意外",6
"因",6
"永遠",6
"有時",6
"育兒",6
"運動褲",6
"再來",6
"早點",6
"責任感",6
"這輩子",6
"這時",6
"準備",6
"自卑",6
"子",6
"總是",6
"最高",6
"cp",6
"4",5
"欸",5
"愛情",5
"爸爸媽媽",5
"板上",5
"綁",5
"包包",5
"別",5
"別說",5
"玻",5
"餐廳",5
"差",5
"產後",5
"廠商",5
"超",5
"成家",5
"成家立業",5
"出現",5
"創造",5
"刺激",5
"存錢",5
"存在",5
"大同",5
"大學",5
"當初",5
"的確",5
"發展",5
"反對",5
"風險",5
"福利",5
"復健",5
"敢",5
"感到",5
"個性",5
"鬼島",5
"過去",5
"害",5
"很難",5
"很窮",5
"後代",5
"互相",5
"懷疑",5
"活著",5
"或許",5
"幾歲",5
"家中",5
"假日",5
"假設",5
"檢查",5
"健康",5
"教養",5
"結論",5
"聚餐",5
"看法",5
"可憐",5
"困難",5
"浪費",5
"老師",5
"類似",5
"理解",5
"林可彤",5
"鄰居",5
"沒錯",5
"沒錢",5
"每月",5
"麵",5
"明確",5
"母親",5
"拿給",5
"哪裡",5
"難",5
"念",5
"尿酸",5
"女同事",5
"偏",5
"平常",5
"起",5
"千萬",5
"前提",5
"請問",5
"全世界",5
"人會",5
"忍受",5
"如",5
"沙子",5
"生個",5
"生物",5
"世上",5
"適婚年齡",5
"雙薪",5
"說不定",5
"說法",5
"鬆弛",5
"算了",5
"隨著",5
"台北",5
"特別",5
"體力",5
"挺",5
"同時",5
"玩具",5
"文",5
"我家",5
"我連",5
"我能",5
"現實",5
"想過",5
"嚮往",5
"小妹",5
"寫",5
"心",5
"修復",5
"學費",5
"養到",5
"要花",5
"一位",5
"醫院",5
"以為",5
"陰道",5
"擁有",5
"願不願意",5
"月子",5
"在家",5
"早生",5
"怎麼辦",5
"齋主",5
"長",5
"找個",5
"這句",5
"正常",5
"隻",5
"直到",5
"職場",5
"至於",5
"中心",5
"種種",5
"追求",5
"嘴",5
"坐在",5
"做到",5
"and",5
"qq",5
"the",5
"16",4
"26",4
"35",4
"6",4
"7",4
"8",4
"癌症",4
"安樂死",4
"安排",4
"八成",4
"擺",4
"版",4
"保護",4
"保養品",4
"飽",4
"報導",4
"悲觀",4
"逼",4
"必要",4
"畢業",4
"變老",4
"表妹",4
"表示",4
"別生",4
"補",4
"補助",4
"不給",4
"不缺",4
"不孝",4
"不再",4
"參加",4
"參考",4
"殘酷",4
"超過",4
"成功",4
"成就",4
"承擔",4
"出去",4
"處理",4
"傳統觀念",4
"從小",4
"存屁",4
"存屁存",4
"答案",4
"大部份",4
"大量",4
"大樓",4
"帶來",4
"單純",4
"誕生",4
"當時",4
"當作",4
"第一",4
"電鍋",4
"電視",4
"電影",4
"獨立",4
"讀書",4
"隊友",4
"對不起",4
"而言",4
"二十年",4
"房間",4
"放棄",4
"非",4
"奉獻",4
"負面",4
"婦女",4
"乾淨",4
"感嘆",4
"幹",4
"高級",4
"高齡產婦",4
"隔壁",4
"給我",4
"顧",4
"觀察",4
"國安",4
"還算",4
"毫無",4
"合理",4
"很煩",4
"換",4
"回報",4
"回答",4
"回歸",4
"婚禮",4
"活",4
"活在",4
"機率",4
"即便",4
"極度",4
"繼續",4
"加油",4
"間",4
"降級",4
"接著",4
"階段",4
"結婚的人",4
"介紹",4
"借錢",4
"近",4
"經歷",4
"看護",4
"可惜",4
"肯定",4
"恐怖",4
"來看",4
"來自",4
"老闆",4
"老一輩",4
"了解",4
"勒",4
"離開",4
"離職",4
"理性",4
"裡面",4
"聯絡",4
"臉",4
"聊",4
"領養",4
"流行",4
"馬上",4
"嘛",4
"買個",4
"滿",4
"漫畫",4
"沒生過",4
"沒事",4
"每",4
"名牌",4
"拿來",4
"哪天",4
"那邊",4
"那時",4
"妳有",4
"難道",4
"難過",4
"內心",4
"女朋友",4
"女性",4
"偶爾",4
"旁邊",4
"培養",4
"其中",4
"強迫",4
"情感",4
"全",4
"全職",4
"缺點",4
"容易",4
"三",4
"三年",4
"傷殘",4
"上床",4
"上次",4
"上面",4
"稍微",4
"少",4
"生不",4
"生過",4
"生活圈",4
"生就",4
"生養",4
"屎",4
"世襲",4
"事實",4
"收",4
"爽",4
"爽爽",4
"說服",4
"思考",4
"死死",4
"算是",4
"所有人",4
"太太",4
"躺",4
"提高",4
"體驗",4
"天性",4
"通常",4
"同樣",4
"統計",4
"統一",4
"痛",4
"妥協",4
"歪掉",4
"外",4
"外貌",4
"網友",4
"未婚",4
"我妹",4
"我生",4
"我要",4
"五萬",4
"相當",4
"相對",4
"相信",4
"曉得",4
"孝親",4
"鞋子",4
"心理",4
"行為",4
"選",4
"眼光",4
"養家",4
"咬牙",4
"要存",4
"要說",4
"要養",4
"耶",4
"一筆",4
"一邊",4
"一群",4
"一隻",4
"一種",4
"遺傳疾病",4
"意思",4
"意願",4
"義務",4
"憂鬱",4
"約",4
"月薪",4
"在乎",4
"這次",4
"這時候",4
"真心",4
"真要",4
"拯救",4
"整天",4
"值",4
"中年",4
"重新",4
"主要",4
"注意",4
"資格",4
"自身",4
"總",4
"總之",4
"k",4
"ㄧ",4
"2017",3
"32",3
"45",3
"60",3
"7232",3
"安靜",3
"案例",3
"暗示",3
"白領",3
"板",3
"幫助",3
"綁住",3
"包",3
"保姆",3
"保證",3
"抱著",3
"爆炸",3
"悲哀",3
"悲慘",3
"被生",3
"逼婚",3
"比不上",3
"彼此",3
"變大",3
"變得",3
"補貼",3
"不愛",3
"不但",3
"不多",3
"不好意思",3
"不見",3
"不了",3
"不拿去",3
"不外乎",3
"不小",3
"不用說",3
"不孕",3
"不足",3
"財產",3
"財力",3
"廁所",3
"曾",3
"產業",3
"超級",3
"嘲諷",3
"趁",3
"成本",3
"成熟",3
"承受",3
"程度",3
"出去玩",3
"出遊",3
"儲蓄",3
"穿著",3
"傳統",3
"此",3
"從小到大",3
"催生",3
"打槍",3
"大便",3
"大多",3
"大腦",3
"大人",3
"大約",3
"帶大",3
"帶去",3
"貸款",3
"擔起",3
"當個",3
"當他",3
"擋箭牌",3
"等到",3
"等級",3
"店",3
"電玩",3
"掉",3
"丟給",3
"動不動",3
"獨子",3
"多少錢",3
"多一點",3
"墮胎",3
"二",3
"發",3
"發文",3
"發現自己",3
"反應",3
"防老",3
"房價",3
"放鬆",3
"費",3
"費給",3
"廢",3
"廢文",3
"粉紅",3
"份",3
"夫妻感情",3
"服務",3
"符合",3
"付",3
"富人",3
"甘願",3
"感染",3
"感謝",3
"趕快",3
"剛生",3
"高檔",3
"告",3
"給家裡",3
"根據",3
"公斤",3
"公平",3
"姑姑",3
"孤單",3
"關於",3
"管教",3
"光",3
"光是",3
"國",3
"過的",3
"過日子",3
"過著",3
"還能",3
"還說",3
"還想",3
"好吃",3
"好看",3
"好人",3
"呵呵",3
"喝",3
"很貴",3
"很少",3
"哄",3
"忽然",3
"環保",3
"環遊世界",3
"婚",3
"基本上",3
"基金",3
"積極",3
"急",3
"幾百萬",3
"幾件",3
"幾千",3
"幾天",3
"計畫",3
"記得",3
"佳",3
"家產",3
"家用",3
"假",3
"嫁給",3
"減肥",3
"健全",3
"漸漸",3
"講話",3
"降低",3
"繳稅",3
"教育費",3
"接觸",3
"捷運",3
"解",3
"金字塔",3
"進去",3
"精神",3
"九",3
"就會",3
"開口",3
"看起來",3
"扛",3
"考試",3
"可敬",3
"苦",3
"垃圾",3
"裡的",3
"臉上",3
"戀愛",3
"兩位",3
"聊到",3
"留下",3
"留下來",3
"留言",3
"六年",3
"路上",3
"率",3
"輪著",3
"馬",3
"慢才",3
"貓",3
"沒錢結",3
"沒用",3
"美麗",3
"美食",3
"明年",3
"莫名其妙",3
"某些",3
"哪些",3
"那位",3
"耐心",3
"男女",3
"南部",3
"難以",3
"你給",3
"你家",3
"你養",3
"年代",3
"年收",3
"唸",3
"鳥",3
"尿",3
"努",3
"女友",3
"排除",3
"派",3
"判斷",3
"拋棄",3
"泡泡",3
"佩服",3
"朋友家",3
"脾氣",3
"屁股",3
"撇除",3
"貧富差距",3
"平淡",3
"普遍",3
"起床",3
"起跳",3
"器官",3
"恰當",3
"且",3
"親人",3
"清楚",3
"輕易",3
"情形",3
"娶",3
"去掛",3
"去過",3
"去年",3
"全都",3
"全沒",3
"權利",3
"勸",3
"人才",3
"人來",3
"人有",3
"忍耐",3
"三個",3
"煞氣",3
"上班族",3
"上帝",3
"上網",3
"少少的",3
"少數",3
"社區",3
"身材",3
"身心",3
"生在",3
"時光",3
"實說",3
"手機",3
"受",3
"受控",3
"壽命",3
"數量",3
"衰老",3
"睡飽",3
"睡覺",3
"順利",3
"說明",3
"說實話",3
"私立",3
"死掉",3
"死去",3
"速度",3
"所",3
"所得稅",3
"太大",3
"太高",3
"太久",3
"太少",3
"談",3
"探索",3
"套房",3
"體會",3
"體質",3
"替",3
"天才",3
"天神",3
"聽見",3
"同儕",3
"退貨",3
"退休",3
"外勞",3
"外面",3
"晚輩",3
"晚上",3
"萬元",3
"我弟",3
"無聊",3
"無虞",3
"五百萬",3
"五年",3
"吸毒",3
"洗澡",3
"下面",3
"限度",3
"相親",3
"向",3
"消失",3
"小家庭",3
"小魯",3
"小學",3
"謝謝",3
"心情",3
"新",3
"性格",3
"熊",3
"休息",3
"休閒",3
"許可",3
"學歷",3
"壓縮",3
"研究所",3
"顏面",3
"嚴重",3
"養不起",3
"養兒",3
"養育",3
"樣子",3
"腰",3
"要是",3
"夜班",3
"一部",3
"一部分",3
"一件",3
"一人",3
"一天到晚",3
"一條",3
"衣櫃",3
"醫啊",3
"醫療",3
"已",3
"以來",3
"意見",3
"意義",3
"因此",3
"應付",3
"贏家",3
"優越感",3
"有夠",3
"幼稚",3
"幼稚園",3
"於",3
"與其",3
"欲望",3
"願望",3
"孕期",3
"災難",3
"怎麼樣",3
"增產報國",3
"這類",3
"這篇",3
"這也",3
"珍貴",3
"真是",3
"真正",3
"正",3
"正在",3
"之間",3
"之外",3
"支持",3
"執行",3
"只想",3
"制服",3
"治",3
"製造",3
"中時",3
"重點",3
"重複",3
"周遭",3
"主管",3
"煮飯",3
"狀態",3
"自費",3
"自然產",3
"總有一天",3
"租屋",3
"組成",3
"尊重",3
"昨天",3
"左右",3
"做好",3
"adam",3
"b",3
"d",3
"gg",3
"h",3
"i",3
"p",3
"ptt",3
"tsmc",3
"100",2
"200",2
"25",2
"28",2
"33",2
"34",2
"450",2
"50",2
"89",2
"阿嬤",2
"阿姨",2
"啊啊啊",2
"愛人",2
"愛我",2
"安心",2
"案子",2
"八卦",2
"百倍",2
"百萬",2
"擺脫",2
"般",2
"版上",2
"半",2
"伴",2
"伴隨",2
"幫人",2
"包括",2
"包買",2
"包容",2
"保全",2
"保險",2
"保險費",2
"寶貝",2
"報告",2
"杯子",2
"備註",2
"本書",2
"本質",2
"比起",2
"比賽",2
"避免",2
"便宜",2
"變低",2
"變多",2
"變少",2
"表達",2
"並非",2
"並且",2
"病房",2
"補救",2
"補習",2
"不必",2
"不變",2
"不吃",2
"不出",2
"不甘",2
"不合",2
"不見得",2
"不交",2
"不解",2
"不可",2
"不肯",2
"不論",2
"不起",2
"不爽",2
"不算什麼",2
"不肖",2
"不幸",2
"不願",2
"布",2
"才藝",2
"殘障",2
"草皮",2
"差點",2
"產假",2
"超越",2
"嘲笑",2
"吵",2
"吵鬧",2
"徹底",2
"成績",2
"成就感",2
"成年",2
"成人",2
"承認",2
"吃喝玩樂",2
"衝康",2
"仇孩",2
"傳",2
"傳承",2
"傳媒",2
"傳染",2
"床上",2
"純粹",2
"戳",2
"慈善",2
"辭職",2
"聰明",2
"從來沒",2
"從沒",2
"從中",2
"錯",2
"錯過",2
"打扮",2
"打機",2
"打擊",2
"打死",2
"大陸",2
"大學畢業",2
"大於",2
"代表",2
"代價",2
"帶好",2
"帶著",2
"耽誤",2
"耽誤到",2
"單身生活",2
"但會",2
"當兵",2
"當了",2
"當下",2
"檔",2
"導向",2
"到處",2
"道德觀",2
"道理",2
"地板",2
"地段",2
"地位",2
"地獄",2
"的稅",2
"低成本",2
"低等",2
"迪士尼",2
"底層",2
"第",2
"第一名",2
"電子",2
"刁難",2
"掉下來",2
"頂",2
"頂端",2
"頂多",2
"定樂",2
"定義",2
"洞口",2
"凍卵",2
"都還沒",2
"毒",2
"獨生女",2
"讀",2
"賭",2
"度",2
"度過",2
"短命",2
"斷掉",2
"頓時",2
"多多指教",2
"多分",2
"多夫",2
"多年",2
"多秋",2
"多數",2
"多元",2
"而生",2
"二百多萬",2
"發達",2
"發燒",2
"法律",2
"翻身",2
"煩死",2
"繁殖",2
"方向",2
"房租",2
"訪問",2
"非洲",2
"肥胖",2
"廢物",2
"分",2
"分擔",2
"份給",2
"風景",2
"瘋狂",2
"奉勸",2
"扶持",2
"扶養",2
"服飾",2
"父親",2
"附近",2
"復興",2
"該給",2
"改會",2
"感",2
"感動",2
"感冒",2
"剛",2
"高等",2
"高帥",2
"高文音",2
"隔",2
"給的",2
"給你",2
"給人",2
"給原",2
"根本就是",2
"公務員",2
"公園",2
"功德",2
"功課",2
"恭喜",2
"貢獻",2
"溝通",2
"狗屎",2
"夠用",2
"孤兒",2
"鼓起勇氣",2
"固定",2
"故事",2
"乖",2
"乖乖",2
"怪獸",2
"光光",2
"國高",2
"國家",2
"國中生",2
"過多",2
"過很久",2
"過來",2
"過剩",2
"還多",2
"還敢生",2
"還跟",2
"還過",2
"害人",2
"韓國",2
"喊",2
"好不容易",2
"好幾年",2
"好笑",2
"何時",2
"何要",2
"很多年",2
"很爛",2
"很想",2
"很小",2
"後續",2
"後援",2
"花到",2
"畫板",2
"畫筆",2
"畫在",2
"懷念",2
"壞",2
"灰姑娘",2
"回到",2
"回應",2
"會變",2
"會生",2
"會問",2
"會想生",2
"會長",2
"婚前",2
"混過去",2
"活得",2
"活該",2
"獲得",2
"基於",2
"雞",2
"吉拿棒",2
"疾病",2
"幾對",2
"擠出",2
"既有",2
"計算",2
"寂寞",2
"悸動",2
"繼承",2
"加班",2
"家教",2
"家境",2
"家養",2
"堅定",2
"堅決",2
"漸行",2
"漸遠",2
"講好",2
"交",2
"交壞",2
"腳步",2
"腳踝",2
"教師",2
"教授",2
"接受度",2
"結束",2
"竭盡所能",2
"潔癖",2
"姐姐",2
"界",2
"借精",2
"金錢觀",2
"近期",2
"進",2
"經過",2
"經營",2
"驚人",2
"竟然",2
"九成",2
"救",2
"就連",2
"就讓",2
"居多",2
"舉凡",2
"舉例",2
"拒絕",2
"捐",2
"絕不",2
"覺悟",2
"均分",2
"開放",2
"開明",2
"看病",2
"靠背",2
"柯文",2
"可能性",2
"可怕",2
"可笑",2
"客戶",2
"懇請",2
"空間",2
"空虛",2
"摳",2
"苦過來",2
"褲子",2
"快點",2
"快活",2
"困惑",2
"困擾",2
"來到",2
"老母",2
"老年人",2
"老三",2
"老實",2
"老天",2
"樂觀",2
"累到",2
"離",2
"離婚",2
"理財",2
"理所當然",2
"理想",2
"立場",2
"連結",2
"聯考",2
"臉書",2
"良好",2
"兩",2
"兩次",2
"零用錢",2
"領",2
"流浪漢",2
"留給",2
"留學",2
"六歲",2
"盧小",2
"路邊",2
"論點",2
"囉",2
"邏輯",2
"媽咪",2
"滿滿的",2
"滿意",2
"忙",2
"沒差",2
"沒得",2
"沒什麼",2
"沒生",2
"沒想過",2
"媒體",2
"每每",2
"每周",2
"美好",2
"美滿",2
"美式",2
"夢想",2
"彌補",2
"面",2
"面臨",2
"滅亡",2
"名字",2
"明白",2
"模樣",2
"魔法",2
"莫名",2
"默默",2
"目標",2
"哪怕",2
"那代",2
"奶",2
"男孩",2
"男女朋友",2
"男朋友",2
"腦殘",2
"內",2
"內建",2
"能量",2
"你還",2
"你問",2
"年紀輕輕",2
"念頭",2
"鳥鳥",2
"尿布",2
"您",2
"寧可",2
"寧願",2
"弄",2
"女板",2
"女明星",2
"女強人",2
"女權",2
"虐",2
"歐美",2
"排版",2
"叛逆",2
"胖",2
"泡",2
"賠",2
"配",2
"配合",2
"配偶",2
"捧",2
"屁",2
"偏偏",2
"漂亮",2
"撇開",2
"評估",2
"頗",2
"婆家",2
"剖腹",2
"七",2
"七年",2
"期望",2
"其他人",2
"奇怪",2
"氣氛",2
"棄養",2
"千",2
"牽制",2
"強大",2
"強調",2
"強硬",2
"瞧不起",2
"親密",2
"親生",2
"親友",2
"清",2
"傾向",2
"請假",2
"慶幸",2
"窮到",2
"窮忙",2
"窮人家",2
"求愛",2
"全部都是",2
"全面",2
"缺陷",2
"群體",2
"讓位",2
"惹",2
"熱潮",2
"人不生",2
"人大",2
"人到",2
"人敢",2
"人活",2
"人間",2
"人力",2
"人脈",2
"人們",2
"人氣",2
"人世",2
"人想生",2
"人要",2
"忍術",2
"忍者",2
"任",2
"認養",2
"仍然",2
"如此",2
"軟體",2
"塞",2
"三餐",2
"三次",2
"三十歲",2
"傻眼",2
"善用",2
"傷害",2
"上進心",2
"上下",2
"上學",2
"少女",2
"奢侈",2
"社畜",2
"社會工作",2
"身",2
"身體力行",2
"深呼吸",2
"神",2
"腎臟",2
"升級",2
"生出",2
"生存",2
"生氣",2
"生要",2
"剩",2
"失敗",2
"失業",2
"十八歲",2
"十幾年",2
"食物",2
"時常",2
"時代",2
"實際",2
"實現",2
"使用",2
"世間",2
"是給",2
"勢必",2
"試管",2
"試管嬰兒",2
"適用",2
"收拾",2
"手牽手",2
"手上",2
"首先",2
"受到",2
"叔叔",2
"舒服",2
"屬於",2
"衰退",2
"水準",2
"睡前",2
"順便",2
"順其自然",2
"瞬間",2
"說出",2
"說到底",2
"說過",2
"說生",2
"說真的",2
"私校",2
"思想",2
"四",2
"四大",2
"四萬",2
"鬆",2
"送給",2
"算不算",2
"隨便",2
"碎",2
"孫子",2
"所得",2
"他給",2
"他會",2
"他家",2
"它",2
"台大",2
"台灣生",2
"台丸",2
"太晚",2
"太兇",2
"談戀愛",2
"談起",2
"坦白說",2
"探望",2
"提出",2
"提過",2
"提早",2
"天分",2
"天生",2
"田",2
"挑",2
"挑戰",2
"停",2
"同",2
"同胞",2
"同個",2
"同一",2
"童星",2
"頭期款",2
"透天",2
"推文",2
"拖累",2
"歪",2
"外表",2
"完美",2
"玩樂",2
"晚",2
"卍",2
"王子",2
"往",2
"往後",2
"往時",2
"唯有",2
"維他命",2
"未知",2
"味覺",2
"為止",2
"胃酸",2
"溫暖",2
"問他",2
"問問",2
"我爸",2
"我超",2
"我該",2
"我姐",2
"無病呻吟",2
"無力",2
"無奈",2
"無色",2
"無限",2
"無限大",2
"五",2
"五十萬",2
"午餐",2
"物價",2
"物慾",2
"物種",2
"膝蓋",2
"習慣",2
"媳婦",2
"喜不喜歡",2
"喜訊",2
"細節",2
"狹隘",2
"下次",2
"閒聊",2
"現代人",2
"現階段",2
"相愛",2
"相關",2
"相同",2
"鄉民",2
"想不到",2
"想問",2
"想想",2
"項目",2
"小康家庭",2
"小朋友",2
"小事",2
"小小",2
"小資",2
"笑容",2
"笑笑",2
"些",2
"協調",2
"心愛",2
"心理準備",2
"心想",2
"心胸",2
"新北",2
"信",2
"信心",2
"形容",2
"姓氏",2
"幸好",2
"性別",2
"倖存",2
"兄弟",2
"需",2
"需求",2
"噓",2
"選舉",2
"選項",2
"學",2
"學時",2
"迅速",2
"研究",2
"顏值",2
"眼前",2
"洋溢",2
"養不養",2
"養大",2
"養活",2
"養老院",2
"樣貌",2
"要給",2
"要顧",2
"要來",2
"也好",2
"一打",2
"一大堆",2
"一棟",2
"一段時間",2
"一頓",2
"一方面",2
"一份",2
"一關",2
"一家",2
"一秒",2
"一妻",2
"一身",2
"一歲",2
"一陣子",2
"一整天",2
"依靠",2
"依照",2
"移民",2
"遺產",2
"以及",2
"以外",2
"以下",2
"乂",2
"亦",2
"抑或",2
"意志",2
"音樂",2
"陰",2
"飲食",2
"隱私",2
"傭人",2
"永續",2
"用不完",2
"用餐",2
"用心",2
"憂鬱症",2
"優良",2
"優缺點",2
"優渥",2
"由",2
"遊民",2
"友好",2
"有關",2
"有過",2
"有錢有閒",2
"有限",2
"有種",2
"娛樂",2
"愉快",2
"語氣",2
"育嬰",2
"遇過",2
"元",2
"原文",2
"原原",2
"怨恨",2
"月入",2
"越多",2
"越來越少",2
"孕婦",2
"栽培",2
"再生",2
"在世界上",2
"贊助",2
"糟糕",2
"長久",2
"帳單",2
"障礙",2
"找伴",2
"照",2
"照護",2
"折磨",2
"哲",2
"者",2
"這筆",2
"這邊",2
"這代",2
"這對",2
"這份",2
"這就",2
"這位",2
"著生",2
"真愛",2
"正好",2
"正面",2
"證明",2
"之中",2
"姪",2
"值班",2
"職業",2
"中產",2
"中產階級",2
"中等",2
"皺紋",2
"煮湯",2
"注重",2
"抓狂",2
"裝潢",2
"追",2
"贅述",2
"資訊",2
"仔細",2
"姊姊",2
"字",2
"自",2
"自卑感",2
"自從",2
"自認",2
"自信",2
"自已",2
"子女",2
"總會",2
"總覺",2
"總收入",2
"走到",2
"最低",2
"最小",2
"罪過",2
"作為",2
"坐",2
"座右銘",2
"做個",2
"armani",2
"be",2
"ex",2
"of",2
"ok",2
"oo",2
"orz",2
"pupu",2
"q",2
"qaq",2
"w",2
"x",2
"04",1
"0414",1
"05",1
"1020",1
"1200",1
"13",1
"150",1
"18",1
"18243",1
"19",1
"1950",1
"219",1
"2200",1
"222",1
"2400",1
"25000",1
"2526",1
"263",1
"27",1
"2930",1
"37",1
"38",1
"4500",1
"5000",1
"600",1
"60008000",1
"65",1
"70",1
"750",1
"80",1
"800",1
"87",1
"9",1
"阿阿阿",1
"阿北",1
"阿不給",1
"阿多",1
"阿發",1
"阿靠",1
"阿哩",1
"阿嬤保母",1
"阿忙",1
"阿母",1
"阿為",1
"阿想",1
"阿雜",1
"啊呀",1
"唉",1
"愛不",1
"愛不愛",1
"愛瘋",1
"愛買",1
"愛男",1
"愛女",1
"愛上",1
"愛是",1
"愛他",1
"愛往",1
"愛小",1
"愛用",1
"愛與",1
"愛做",1
"安定",1
"安全",1
"安穩",1
"安養院",1
"按摩",1
"按照",1
"案",1
"案場",1
"八百萬",1
"拔麻用",1
"罷了",1
"白板",1
"白開水",1
"白人",1
"白色",1
"白帥帥",1
"百",1
"百分之五",1
"百合",1
"百貨",1
"百貨公司",1
"百億",1
"擺爛",1
"擺明",1
"擺設",1
"拜訪",1
"敗掉",1
"班",1
"班上",1
"搬到",1
"板橋",1
"版友",1
"半個",1
"半工半讀",1
"半路",1
"半年",1
"半數",1
"半死",1
"半夜",1
"辦公室",1
"辦後事",1
"辦事",1
"幫手",1
"幫養",1
"綁帶",1
"綁定",1
"綁將",1
"包含",1
"包養",1
"包租婆",1
"保持",1
"保存",1
"保險金",1
"保險套",1
"保有",1
"保住",1
"飽飽",1
"飽覽",1
"寶貴",1
"抱孫",1
"報仇",1
"報應",1
"暴增",1
"爆不完",1
"爆出",1
"爆在",1
"杯",1
"杯水",1
"背",1
"背景",1
"背痛",1
"被單",1
"被換",1
"被扣",1
"被迫",1
"備案",1
"輩",1
"輩有",1
"奔",1
"本能",1
"本文",1
"本心",1
"逼死",1
"鼻子",1
"比阿宅",1
"比價",1
"比爛",1
"比例",1
"比如說",1
"筆",1
"必備",1
"必經",1
"必需",1
"必要條件",1
"必走",1
"畢業典禮",1
"編輯",1
"邊",1
"邊的",1
"邊說",1
"便當",1
"便利店",1
"辯論",1
"變差",1
"變淡",1
"變過",1
"變化",1
"變黃",1
"變寬",1
"變臉",1
"變鬆",1
"變像",1
"變心",1
"標",1
"飆高",1
"表姐",1
"表明",1
"表現",1
"別錯過",1
"別的",1
"別交",1
"賓士車",1
"冰箱",1
"兵源",1
"餅乾",1
"並不",1
"病",1
"病床",1
"病倒",1
"病假",1
"病情",1
"病逝",1
"玻璃",1
"玻璃杯",1
"補充",1
"不愛他",1
"不安",1
"不幫",1
"不差",1
"不成",1
"不成材",1
"不愁吃",1
"不大想",1
"不當",1
"不得",1
"不得不",1
"不多婚",1
"不多生",1
"不妨",1
"不放過",1
"不負責任",1
"不該",1
"不高",1
"不公",1
"不合理",1
"不計",1
"不講",1
"不禁",1
"不經",1
"不景氣",1
"不久",1
"不可動搖",1
"不可思議",1
"不吭聲",1
"不愧",1
"不利於",1
"不良",1
"不倫",1
"不美",1
"不念書",1
"不怕",1
"不確定性",1
"不讓",1
"不熱",1
"不容",1
"不入流",1
"不上不下",1
"不適",1
"不熟",1
"不帥",1
"不算",1
"不太多",1
"不太會",1
"不太老",1
"不太想",1
"不聽話",1
"不停",1
"不通",1
"不為",1
"不像",1
"不須",1
"不養",1
"不易",1
"不義的",1
"不予置評",1
"不育",1
"不在乎",1
"不知不覺",1
"不值錢",1
"不止",1
"不足以",1
"步調",1
"步入",1
"步驟",1
"部發",1
"部份",1
"擦屁股",1
"猜",1
"才過",1
"才生",1
"財運",1
"踩",1
"參雜",1
"慚愧",1
"慘忍",1
"慘在",1
"操",1
"操盤手",1
"草",1
"草原",1
"插曲",1
"查查",1
"差別",1
"差別待遇",1
"差帶",1
"差生",1
"差異",1
"鏟",1
"常",1
"常見",1
"常看到",1
"常去",1
"常說",1
"常在",1
"嘗試",1
"場合",1
"場所",1
"倡導",1
"唱",1
"唱高調",1
"超愛",1
"超棒",1
"超慘",1
"超好",1
"超噴錢",1
"超爽",1
"超疼",1
"吵到",1
"吵著",1
"車程",1
"車都",1
"車房",1
"扯",1
"嗔",1
"沉默",1
"襯衫",1
"襯托出",1
"撐",1
"撐開",1
"撐下去",1
"成本低",1
"成分",1
"成份",1
"成佛",1
"成功人士",1
"成全",1
"成天",1
"成員",1
"呈現",1
"承諾",1
"乘以",1
"吃不飽",1
"吃掉",1
"吃飯時間",1
"吃緊",1
"痴",1
"遲緩",1
"充電",1
"充滿希望",1
"充實",1
"充裕",1
"憧憬",1
"衝",1
"衝刺",1
"衝動",1
"衝突",1
"寵",1
"寵愛",1
"寵溺",1
"抽",1
"抽到",1
"抽來",1
"抽離生",1
"抽起來",1
"抽稅",1
"抽脂",1
"仇",1
"仇不仇",1
"仇恨",1
"躊躇",1
"出版",1
"出差",1
"出車禍",1
"出錯",1
"出錢",1
"出身",1
"出生率",1
"出世",1
"出示",1
"出於",1
"出租",1
"除",1
"除外",1
"畜生",1
"處處",1
"處境",1
"處於",1
"處在",1
"觸碰",1
"穿到",1
"穿國",1
"傳統產業",1
"傳宗",1
"床生",1
"床罩",1
"創下",1
"創業",1
"創意",1
"創造力",1
"純愛",1
"辭掉",1
"次",1
"次數",1
"刺耳",1
"從不",1
"從家裡",1
"從甲下",1
"從來",1
"湊",1
"湊到",1
"粗糙",1
"粗估",1
"促進",1
"催",1
"催婚",1
"摧殘",1
"存好",1
"存摺",1
"挫",1
"錯覺",1
"達",1
"達成",1
"達到",1
"達爾文",1
"打定主意",1
"打翻",1
"打個",1
"打開",1
"打罵",1
"打拼",1
"打破",1
"打入",1
"打些",1
"打仗",1
"大安區",1
"大部",1
"大餐",1
"大吵",1
"大吃一驚",1
"大虫",1
"大錯特錯",1
"大大",1
"大抵",1
"大都",1
"大方",1
"大幅度",1
"大個",1
"大關",1
"大會",1
"大叫",1
"大姐",1
"大鳴大放",1
"大撒幣",1
"大生",1
"大失所望",1
"大小",1
"大笑",1
"大學生",1
"大魚",1
"大真想",1
"大眾財",1
"呆呆笨笨",1
"歹竹出",1
"代",1
"代打",1
"待",1
"待業",1
"帶到",1
"帶動",1
"帶給",1
"帶過",1
"帶球",1
"戴",1
"丹麥",1
"單方面",1
"單親",1
"單親家庭",1
"單人",1
"單身貴族",1
"單是",1
"單位",1
"但還",1
"但講",1
"但太多",1
"但問",1
"但養",1
"但易",1
"但用",1
"蛋餅",1
"蛋蛋",1
"誕下",1
"彈裡",1
"彈跳",1
"彈性",1
"當成",1
"當狗虐",1
"當苦",1
"當魯蛇",1
"當奶",1
"當你",1
"當你生",1
"當年",1
"當奴才",1
"當我",1
"當一回事",1
"當有",1
"擋",1
"到當",1
"到哪去",1
"到時候",1
"到頭",1
"到職",1
"倒不如",1
"倒數",1
"倒下",1
"道",1
"得出",1
"得給",1
"得生",1
"得養",1
"得以",1
"地步",1
"地雷",1
"地陪",1
"地上",1
"地寫",1
"的車",1
"的當",1
"的點",1
"登高望遠",1
"登記",1
"登山",1
"等待",1
"等同",1
"等於",1
"低調",1
"低端",1
"低會",1
"低聲下氣",1
"低收入",1
"低頭",1
"低薪",1
"低要",1
"迪卡儂",1
"底",1
"底下",1
"抵抗力",1
"弟妹",1
"弟問",1
"第二點",1
"第二個",1
"第二件",1
"第三代",1
"第三點",1
"第三段",1
"第三者",1
"第一代",1
"第一點",1
"第一個",1
"蒂固",1
"巔峰",1
"典型",1
"點得",1
"點點滴滴",1
"點了",1
"點忙",1
"點數",1
"點頭",1
"點鐘",1
"電動",1
"電機",1
"電腦",1
"電影院",1
"電子鎖",1
"電子裝置",1
"掉頭髮",1
"調劑",1
"調派",1
"調皮搗蛋",1
"調整",1
"調製",1
"跌下來",1
"疊",1
"叮囑",1
"頂尖",1
"定點",1
"定價",1
"定居",1
"定期",1
"定時",1
"定時炸彈",1
"丟到",1
"丟掉",1
"丟光",1
"東部",1
"懂原",1
"凍齡",1
"動盪",1
"動力",1
"動態",1
"動物園",1
"動心",1
"動搖",1
"都說會",1
"逗貓",1
"痘",1
"獨處",1
"獨金孫",1
"獨立思考",1
"獨立自主",1
"讀不讀",1
"讀個",1
"讀國",1
"讀薇閣",1
"讀心術",1
"讀漳和國",1
"賭氣",1
"肚皮",1
"度變",1
"度會",1
"度假",1
"度日",1
"端來",1
"短",1
"短期",1
"短時間",1
"斷",1
"斷手斷腳",1
"堆加",1
"對策",1
"對錯",1
"敦化",1
"多愛",1
"多不多",1
"多采多姿",1
"多出",1
"多存",1
"多存點",1
"多高",1
"多個",1
"多花",1
"多活",1
"多繳",1
"多久",1
"多人會",1
"多如牛毛",1
"多深",1
"多收",1
"多爽",1
"多歲",1
"多吞點給",1
"多樣化",1
"多樣性",1
"多餘",1
"多元化",1
"額頭",1
"噁心",1
"恩",1
"而來",1
"兒",1
"兒女",1
"耳邊",1
"二個",1
"二姐",1
"二千",1
"二擇",1
"二戰",1
"發表",1
"發出",1
"發點",1
"發抖",1
"發光",1
"發牢騷",1
"發亮",1
"發脾氣",1
"發生",1
"發炎",1
"發展期",1
"發作",1
"法聽",1
"法則",1
"髮",1
"翻",1
"翻到",1
"翻開書",1
"翻臉",1
"煩",1
"煩個",1
"煩心",1
"煩著",1
"繁衍",1
"反過來",1
"反戰",1
"范范",1
"范瑋琪",1
"飯",1
"飯時",1
"範圍",1
"方案",1
"方便",1
"方法",1
"方面",1
"防守",1
"房地產",1
"房東",1
"房給",1
"房買",1
"放到",1
"放低",1
"放電",1
"放個",1
"放假",1
"放生",1
"放在",1
"非常低",1
"非妳",1
"飛",1
"飛快",1
"肥",1
"匪類",1
"費養",1
"廢柴",1
"廢鐵",1
"廢文到",1
"癈",1
"分班",1
"分辨是非",1
"分居",1
"分母",1
"分攤",1
"分析",1
"分鐘",1
"分子",1
"紛紛",1
"份連",1
"憤怒",1
"瘋子",1
"諷刺",1
"奉養",1
"縫隙",1
"夫妻倆",1
"敷衍",1
"佛家",1
"扶",1
"服務業",1
"福",1
"蜉蝣",1
"府",1
"俯",1
"輔助",1
"撫養",1
"父愛",1
"父母輩",1
"父親節",1
"付費",1
"付錢",1
"附上",1
"負擔重",1
"負面新聞",1
"負起",1
"負債",1
"副業",1
"副總裁",1
"婦產科",1
"富",1
"富士",1
"富士山",1
"富養",1
"富有",1
"復",1
"復出",1
"腹產",1
"複製出",1
"該死",1
"該問",1
"改",1
"改成",1
"改當",1
"改掉",1
"改觀",1
"改去當",1
"改善",1
"改天",1
"肝膽",1
"乾",1
"乾女兒",1
"敢生",1
"感恩",1
"感官",1
"感慨",1
"感同身受",1
"感性",1
"幹到",1
"幹話",1
"肛門",1
"剛出",1
"剛跟",1
"剛滿",1
"剛拖完",1
"剛需",1
"剛要",1
"高調",1
"高度",1
"高端",1
"高額",1
"高房價",1
"高富帥",1
"高高",1
"高官",1
"高空",1
"高齡",1
"高品質",1
"高薪",1
"高興",1
"高學歷",1
"高血壓",1
"搞錯",1
"搞得家",1
"搞掉",1
"搞了半天",1
"告知",1
"歌",1
"隔代",1
"隔代遺傳",1
"各差",1
"各處",1
"各個",1
"各類",1
"各有",1
"各自",1
"個案",1
"個兒",1
"個體差異",1
"給版",1
"給低",1
"給更多",1
"給推著",1
"給先",1
"給予",1
"根本無法",1
"根源",1
"跟不上",1
"跟裡面",1
"跟養",1
"跟長",1
"耕田",1
"更慘",1
"更差",1
"更高",1
"更何況",1
"更加",1
"更苦",1
"更強",1
"更少",1
"更新",1
"更要",1
"工廠",1
"工具",1
"公",1
"公布",1
"公公",1
"公共服務",1
"公共設施",1
"公立",1
"公投",1
"公益",1
"公寓",1
"公職",1
"公仔",1
"公子",1
"功能",1
"供給",1
"供品",1
"宮縮",1
"宮廷舞",1
"共",1
"共勉",1
"共鳴",1
"共通點",1
"共要",1
"共有",1
"貢丸",1
"狗狗",1
"狗屁",1
"狗血",1
"夠了",1
"購買",1
"購屋",1
"估狗",1
"估計",1
"估價",1
"姑姑家",1
"孤僻",1
"古代人",1
"古怪",1
"古人",1
"股票",1
"骨盆",1
"骨肉",1
"固執",1
"故才",1
"雇個",1
"顧及",1
"顧慮到",1
"顧完",1
"顧著",1
"掛心",1
"掛在",1
"掛嘴",1
"怪怪",1
"怪胎",1
"官員",1
"關愛",1
"關掉",1
"關懷",1
"關卡",1
"關念",1
"管西",1
"灌注",1
"光明",1
"光聽",1
"光鮮",1
"光想",1
"廣明",1
"廣義",1
"逛逛",1
"規定",1
"規矩",1
"規律",1
"閨蜜",1
"龜",1
"歸到",1
"歸零",1
"貴婦",1
"貴人",1
"貴在",1
"櫃台",1
"滾",1
"滾出去",1
"郭董",1
"鍋",1
"國道",1
"國發",1
"國內",1
"國中",1
"果斷",1
"果然",1
"過啊",1
"過逼著",1
"過當",1
"過高常",1
"過個",1
"過還少",1
"過了",1
"過路費",1
"過沒",1
"過敏原",1
"過逝",1
"過早",1
"哈哈哈",1
"嗨",1
"孩都",1
"孩一族",1
"還白給",1
"還不",1
"還不深",1
"還差",1
"還帶",1
"還得",1
"還過得去",1
"還和",1
"還花",1
"還會給",1
"還會教",1
"還可",1
"還快",1
"還沒談過",1
"還錢",1
"還求",1
"還勸",1
"還讓",1
"還完",1
"還想生",1
"還小",1
"還硬要",1
"還遠",1
"還債",1
"還找",1
"還著",1
"還真",1
"還只",1
"還重",1
"海期",1
"海嘯",1
"海洋",1
"憨憨的",1
"寒暑假",1
"喊窮",1
"喊著",1
"汗",1
"汗臭味",1
"毫不考慮",1
"豪車",1
"豪爽",1
"好榜樣",1
"好不好",1
"好歹",1
"好發",1
"好壞",1
"好幾",1
"好幾百萬",1
"好幾倍",1
"好幾萬",1
"好久沒",1
"好聚好散",1
"好玩",1
"好羨慕",1
"好友",1
"好轉",1
"耗時間",1
"耗問",1
"號稱",1
"喝口水",1
"喝下",1
"喝醉",1
"合成",1
"合十",1
"何必",1
"何不",1
"何德何能",1
"何妨",1
"何還",1
"何解",1
"何況",1
"何念大",1
"何在",1
"和子",1
"河濱公園",1
"荷爾蒙",1
"荷葉",1
"賀爾蒙",1
"黑",1
"黑暗面",1
"黑心",1
"很差",1
"很純",1
"很多很多",1
"很花",1
"很久以前",1
"很口憐",1
"很快",1
"很累",1
"很亂",1
"很慢",1
"很忙",1
"很難說",1
"很想生",1
"很髒",1
"很早",1
"很長",1
"很重",1
"哼哼",1
"哼哼哈哈",1
"衡量",1
"紅包",1
"紅利",1
"紅著",1
"吼",1
"厚",1
"後點",1
"後顧之憂",1
"後果",1
"後門",1
"後腦勺",1
"後期",1
"後生",1
"後遺症",1
"候補",1
"忽視",1
"戶",1
"戶政",1
"花大錢",1
"花掉",1
"花個",1
"花太多",1
"花完",1
"花在過",1
"華麗",1
"滑",1
"化是",1
"化妝品",1
"化裝品",1
"畫布",1
"畫的",1
"畫還",1
"話語權",1
"懷上",1
"懷孕期",1
"壞處",1
"壞掉",1
"壞事",1
"歡慶",1
"歡娛",1
"環境影響",1
"緩慢",1
"幻術",1
"患者",1
"換車",1
"換成",1
"換個",1
"換位",1
"慌亂",1
"皇室",1
"黃臉婆",1
"潢",1
"灰塵",1
"恢復原狀",1
"揮霍",1
"回高雄",1
"回饋",1
"回老家",1
"回娘家",1
"回台灣",1
"回文",1
"回想",1
"迴圈",1
"毀了",1
"會安",1
"會帶",1
"會讀",1
"會給",1
"會過",1
"會害",1
"會講",1
"會少",1
"會痛",1
"會早",1
"會炸",1
"繪圖",1
"婚紗",1
"婚姻關係",1
"婚姻生活",1
"活到",1
"活潑",1
"活生生",1
"火花",1
"火影忍者",1
"或前",1
"或者說",1
"基本原理",1
"畸形兒",1
"機車",1
"機能",1
"機票",1
"機器",1
"機器貓",1
"機器人",1
"機遇",1
"機制",1
"擊敗",1
"雞排",1
"雞湯",1
"急於",1
"急診",1
"級",1
"極差",1
"極多",1
"極品",1
"集",1
"嫉妒",1
"幾百隻",1
"幾次",1
"幾代",1
"幾分",1
"幾千萬",1
"幾千隻",1
"幾萬塊",1
"幾位",1
"幾眼",1
"擠奶",1
"季到",1
"既得利益者",1
"計的",1
"計劃生育",1
"計較",1
"記",1
"記錄",1
"寂莫",1
"寄宿",1
"寄託",1
"加護",1
"加拿大",1
"加速",1
"加養",1
"夾雜",1
"佳作",1
"家暴",1
"家畜",1
"家底",1
"家電",1
"家管",1
"家過夜",1
"家計",1
"家屬",1
"家疼",1
"家庭婚姻",1
"家業",1
"家長會",1
"家族企業",1
"甲甲上",1
"假期",1
"假如",1
"嫁",1
"價差",1
"價格",1
"價錢",1
"價值",1
"肩膀",1
"兼顧",1
"兼職",1
"監獄",1
"艱難",1
"減到",1
"減輕",1
"減去",1
"減壽",1
"減脂",1
"減重",1
"撿",1
"撿起",1
"檢測",1
"檢討",1
"簡難",1
"簡直",1
"件",1
"見到",1
"見鬼",1
"見過",1
"見招拆招",1
"見證",1
"建父",1
"建立",1
"建造",1
"健保",1
"健檢",1
"健康檢查",1
"劍",1
"將會",1
"將近",1
"將就",1
"將要",1
"將佔",1
"講不",1
"講得",1
"講故事",1
"講過",1
"講拉",1
"講清楚",1
"講說",1
"講完",1
"降到",1
"交代",1
"交到",1
"交過",1
"交了",1
"交配",1
"交朋友",1
"交替",1
"交心",1
"交易",1
"焦慮",1
"嬌妻",1
"角度",1
"角落",1
"角色",1
"角要",1
"叫養",1
"叫做",1
"教好",1
"教育資源",1
"較佳",1
"皆",1
"接",1
"接待",1
"接過",1
"接納",1
"接送",1
"接吻",1
"接下來",1
"傑弗遜",1
"結",1
"結不",1
"結婚典禮",1
"結晶",1
"結了",1
"結了婚",1
"結尾",1
"結帳",1
"節日",1
"節省",1
"節用過",1
"節育",1
"節制",1
"姐夫",1
"姐生",1
"介壽",1
"介壽為",1
"今後",1
"今年過年",1
"金城武",1
"金華",1
"金融",1
"金庸",1
"津貼",1
"盡",1
"盡到",1
"緊",1
"緊急",1
"緊緊",1
"緊張",1
"緊追不捨",1
"儘量",1
"近代",1
"進不了",1
"進產房",1
"進程",1
"進口",1
"進來",1
"菁英",1
"經常",1
"經的",1
"經濟基礎",1
"經文",1
"精子",1
"驚覺",1
"景象",1
"警察",1
"警告",1
"竟",1
"竟量",1
"鏡子",1
"競爭",1
"囧",1
"九年",1
"救濟金",1
"救救",1
"就過",1
"就換",1
"就悶",1
"就學",1
"就業",1
"就種",1
"舅舅",1
"舊",1
"舊傷",1
"居然",1
"拘束",1
"局外人",1
"侷限",1
"菊花",1
"舉",1
"舉出",1
"舉起",1
"舉手",1
"具有",1
"聚集",1
"聚在",1
"劇痛",1
"據",1
"捐出",1
"捐到",1
"捐給",1
"捐款",1
"捐錢",1
"捐些",1
"捐贈",1
"決不",1
"崛起",1
"絕不能",1
"絕大部分",1
"絕無僅有",1
"絕子絕孫",1
"覺醒",1
"均衡",1
"咖啡廳",1
"卡關",1
"開",1
"開車",1
"開刀",1
"開發",1
"開會",1
"開門",1
"開玩笑",1
"堪稱",1
"堪憂",1
"砍",1
"看愛的",1
"看不到",1
"看錯",1
"看得懂",1
"看電視",1
"看顧",1
"看好",1
"看家",1
"看見",1
"看女",1
"看人臉色",1
"看上去",1
"看似",1
"看著",1
"看重",1
"抗拒",1
"抗壓性",1
"考",1
"考過",1
"靠北",1
"靠過",1
"靠近",1
"科技",1
"科了",1
"科問",1
"可愛多",1
"可不是",1
"可歌可泣",1
"可貴",1
"可說是",1
"可彤",1
"可享",1
"可行",1
"可行性",1
"可有可無",1
"可支配",1
"渴望",1
"克",1
"克制不住",1
"客族還",1
"課題",1
"課業",1
"肯花",1
"啃老族",1
"空洞",1
"空氣",1
"恐懼",1
"控制",1
"口氣",1
"口水",1
"扣",1
"扣掉",1
"扣繳憑單",1
"枯燥",1
"哭鬧",1
"苦毒",1
"苦還",1
"苦痛",1
"苦有",1
"褲",1
"褲頭",1
"褲腰帶",1
"誇",1
"誇張",1
"垮",1
"跨到",1
"快感",1
"快生",1
"快速",1
"快要",1
"快於",1
"寬",1
"寬廣",1
"寬鬆",1
"款式",1
"狂",1
"狂奔",1
"狂吞",1
"狂亦俠",1
"況且",1
"曠",1
"虧待",1
"昆蟲",1
"困境",1
"擴大",1
"拉",1
"拉回來",1
"拉屎",1
"來成",1
"來當",1
"來講",1
"來來去去",1
"來年",1
"來認",1
"來生",1
"來時",1
"來世",1
"來源",1
"籃球鞋",1
"爛沒",1
"爛攤子",1
"牢固",1
"勞工",1
"勞力",1
"勞心",1
"老爸",1
"老闆娘",1
"老本",1
"老殘",1
"老處女",1
"老大",1
"老到",1
"老二",1
"老歌",1
"老了門",1
"老年",1
"老娘",1
"老去",1
"老人",1
"老時",1
"老是",1
"老態",1
"老樣子",1
"樂得",1
"樂園",1
"了車",1
"了還",1
"了啦還",1
"勒索",1
"累積",1
"累是",1
"累死",1
"累炸",1
"冷冷地",1
"冷氣",1
"李就連",1
"李是",1
"李長",1
"里程",1
"理",1
"理智",1
"裡擺",1
"裡多加",1
"裡也",1
"裡用",1
"裡有",1
"禮服",1
"禮貌",1
"禮堂",1
"禮物",1
"力",1
"力拼",1
"力氣",1
"力強",1
"力爭上游",1
"立",1
"立定",1
"立刻",1
"立遺囑",1
"例",1
"厲害",1
"連對",1
"連個",1
"連教",1
"連連",1
"連買",1
"連你",1
"連去",1
"連勝文",1
"連聖文",1
"聯合",1
"聯絡人",1
"聯繫",1
"聯誼",1
"練習",1
"戀人",1
"良緣",1
"涼鞋",1
"兩百",1
"兩百五十",1
"兩寶媽",1
"兩邊",1
"兩代",1
"兩回事",1
"兩架",1
"兩件",1
"兩件事",1
"兩句",1
"兩人過",1
"兩三百",1
"兩三次",1
"兩三個",1
"兩樣",1
"諒會",1
"撩",1
"聊聊天",1
"聊起",1
"聊天",1
"遼闊",1
"療",1
"撂下",1
"列",1
"列入",1
"臨時",1
"零好",1
"零食",1
"零頭",1
"領域",1
"另一方",1
"另種",1
"流浪狗",1
"流失",1
"流下",1
"留",1
"六",1
"六個",1
"六個月",1
"六七年",1
"六七十",1
"六十歲",1
"六十五歲",1
"籠統",1
"樓梯",1
"陋習",1
"漏",1
"盧",1
"盧我幫",1
"盧要",1
"魯蛇",1
"陸陸續續",1
"露宿街頭",1
"旅行",1
"亂畫",1
"亂曬醜",1
"略",1
"輪",1
"輪班",1
"輪流",1
"論",1
"論調",1
"論定",1
"羅",1
"落",1
"落髮",1
"落居",1
"媽寶",1
"媽才",1
"媽但",1
"馬路",1
"馬匹",1
"嗎還",1
"嗎問",1
"埋怨",1
"買超",1
"買好",1
"買間",1
"買太大",1
"買些",1
"買鞋",1
"邁向",1
"蠻花",1
"蠻有意思",1
"滿多人",1
"滿累",1
"滿滿",1
"滿山滿谷",1
"慢",1
"慢跑鞋",1
"漫天",1
"漫長",1
"盲點",1
"貓啊",1
"貓狗",1
"貓貓",1
"貓陪",1
"毛病",1
"毛巾",1
"矛盾",1
"卯足",1
"冒出",1
"沒伴",1
"沒變",1
"沒帶過",1
"沒到",1
"沒菲傭",1
"沒瘋掉",1
"沒給",1
"沒講",1
"沒錢買",1
"沒錢念",1
"沒請",1
"沒人",1
"沒收",1
"沒完",1
"沒下",1
"沒想",1
"沒寫",1
"沒有勇氣",1
"莓",1
"每日",1
"每照",1
"美",1
"美景",1
"美美",1
"美女",1
"美容",1
"美味",1
"妹妹",1
"門檻",1
"悶在",1
"孟婆湯",1
"咪",1
"彌足珍貴",1
"秘密",1
"免",1
"免費",1
"免疫",1
"勉強",1
"面會",1
"面積",1
"面目全非",1
"喵",1
"描述",1
"咩",1
"名",1
"名額",1
"名利",1
"名人",1
"名下",1
"名媛",1
"明說",1
"明天",1
"明顯",1
"命運",1
"摸摸",1
"模仿",1
"模式",1
"摩洛哥",1
"魔寵",1
"魔法師",1
"魔女",1
"魔王",1
"魔咒",1
"抹",1
"抹不掉",1
"陌生",1
"默默地",1
"某個",1
"某天",1
"母咪母",1
"母豬",1
"木訥",1
"目的",1
"募資",1
"拿筆",1
"拿出",1
"拿到",1
"拿繳",1
"拿下",1
"拿走",1
"哪讀",1
"哪卡",1
"哪來",1
"哪清到",1
"哪一點",1
"哪招",1
"那次",1
"那存",1
"那點",1
"那份",1
"那肝",1
"那件",1
"那派",1
"那太過",1
"那天",1
"那為",1
"那問",1
"納稅人",1
"奶茶",1
"奶粉",1
"奶媽",1
"妳會",1
"妳們",1
"奈何橋",1
"男寶的媽",1
"男的還",1
"男性",1
"男則",1
"南京",1
"南美",1
"難吃",1
"難免",1
"難民潮",1
"腦力",1
"內鍋",1
"內建父",1
"內褲",1
"內容",1
"內文",1
"內衣褲",1
"嫩妻",1
"能幹",1
"能花",1
"能全",1
"能生",1
"你好",1
"你講",1
"你繳",1
"你老",1
"年保",1
"年底",1
"年級",1
"年來",1
"年老",1
"年前",1
"年時",1
"年養",1
"念東",1
"念書",1
"尿養",1
"凝聚力",1
"牛",1
"牛來",1
"牛奶",1
"弄個",1
"怒",1
"怒力",1
"女版",1
"女伴",1
"女當",1
"女口",1
"女神",1
"女性朋友",1
"女中",1
"虐待",1
"毆",1
"謳歌",1
"爬",1
"爬不起來",1
"爬山",1
"排",1
"排斥",1
"排店",1
"排隊",1
"排名",1
"排名第",1
"牌",1
"盤子",1
"拚",1
"拚命",1
"旁",1
"旁觀者",1
"旁人",1
"拋花",1
"拋開",1
"陪著",1
"賠償",1
"賠個",1
"賠為止",1
"配方",1
"配種",1
"噴發",1
"噴嚏",1
"碰壁",1
"碰到",1
"碰過",1
"碰面",1
"批評",1
"劈頭",1
"皮",1
"皮帶",1
"疲倦",1
"屁孩",1
"偏激",1
"偏早",1
"篇",1
"騙",1
"騙人",1
"漂亮女孩",1
"拼得",1
"貧困化",1
"頻繁",1
"品嚐",1
"品德",1
"品格",1
"平板",1
"平等",1
"平凡",1
"平衡點",1
"平靜",1
"平均",1
"平均壽命",1
"平時",1
"屏東",1
"評價",1
"憑",1
"憑感覺",1
"頗豐",1
"破",1
"破掉",1
"破洞",1
"破壞",1
"破門",1
"剖腹產",1
"七千",1
"七十公斤",1
"期",1
"期盼",1
"期限",1
"其次",1
"其時",1
"其他同學",1
"其它",1
"其餘",1
"奇蹟",1
"奇妙",1
"奇葩",1
"歧路",1
"歧視",1
"騎單車",1
"豈",1
"起當",1
"起身",1
"起薪",1
"啟齒",1
"氣出",1
"氣到",1
"氣的",1
"氣買",1
"千百種",1
"千五",1
"牽",1
"牽掛",1
"簽署",1
"前輩",1
"前還",1
"前會",1
"前進",1
"前景",1
"前面",1
"前年",1
"前期",1
"前橋",1
"前天",1
"前漲",1
"前者",1
"潛在",1
"錢存",1
"錢還",1
"錢少",1
"錢省",1
"錢養",1
"嗆",1
"強",1
"強的",1
"強悍",1
"強烈",1
"強者",1
"強制",1
"搶著",1
"侵犯",1
"親但",1
"親朋好友",1
"親戚朋友",1
"親子",1
"青春期",1
"青年",1
"清賽",1
"輕",1
"輕生",1
"輕微",1
"情境",1
"情人",1
"情人節",1
"請辭",1
"請到",1
"請菲傭",1
"請個",1
"請見",1
"請客",1
"請人",1
"慶",1
"窮困",1
"窮養",1
"求救",1
"求偶",1
"求學",1
"求知慾",1
"球鞋",1
"裘莉",1
"屈服",1
"屈就",1
"區",1
"趨近",1
"取代",1
"取得",1
"取決於",1
"取笑",1
"娶妻生子",1
"去除",1
"去掉",1
"去逛",1
"圈",1
"全班",1
"全程",1
"全國",1
"全國性",1
"全力",1
"全年",1
"全然",1
"全身",1
"全糖",1
"全心",1
"權力",1
"權益",1
"犬",1
"勸說",1
"缺",1
"缺錢",1
"卻步",1
"卻是",1
"雀躍",1
"確立",1
"然而",1
"讓給",1
"讓路",1
"讓座",1
"熱愛工作",1
"熱度",1
"熱烈",1
"熱門",1
"熱心",1
"人並",1
"人多",1
"人高馬大",1
"人工",1
"人光",1
"人過",1
"人話",1
"人際",1
"人均",1
"人連",1
"人母",1
"人去",1
"人人",1
"人生目標",1
"人手",1
"人死",1
"人頭",1
"人微言輕",1
"人問",1
"人想",1
"人性",1
"人噓",1
"人養",1
"人用",1
"人員",1
"人渣",1
"忍",1
"忍不住",1
"忍人",1
"忍樹",1
"任何事物",1
"任性",1
"妊娠",1
"認同度",1
"認同感",1
"認知",1
"仍",1
"日幣",1
"日常",1
"日間",1
"日劇",1
"日趨嚴重",1
"容忍度",1
"融化",1
"蹂躪",1
"如果說",1
"如今",1
"如上",1
"乳癌",1
"乳頭",1
"軟化",1
"瑞士",1
"若有",1
"弱勢",1
"弱勢團體",1
"賽跑",1
"三點",1
"三分鐘",1
"三更半夜",1
"三國",1
"三口",1
"三十",1
"三十多歲",1
"三十幾歲",1
"三思",1
"三四十",1
"三四十歲",1
"三四歲",1
"三歲",1
"三萬",1
"散發出",1
"散漫",1
"散散步",1
"喪禮",1
"喪氣",1
"掃除",1
"掃地",1
"色界",1
"沙發",1
"殺",1
"殺掉",1
"煞",1
"傻",1
"傻傻",1
"曬",1
"曬衣服",1
"善解人意",1
"善良",1
"商品",1
"傷眼",1
"上個",1
"上國",1
"上後會",1
"上花",1
"上會",1
"上街",1
"上課",1
"上來",1
"上流社會",1
"上留",1
"上山下海",1
"上述",1
"上天",1
"上限",1
"上演",1
"稍作",1
"燒錢",1
"少分",1
"少見",1
"少生",1
"奢侈品",1
"奢求",1
"奢入",1
"捨",1
"捨不得",1
"社",1
"社工",1
"社會階層",1
"社群",1
"設定",1
"設計",1
"攝林",1
"申請",1
"身份",1
"身破",1
"身體健康",1
"身為",1
"身影",1
"莘莘學子",1
"深根",1
"深深",1
"深有同感",1
"神活",1
"嬸嬸",1
"升級成",1
"升遷",1
"升學",1
"生變",1
"生不如死",1
"生成",1
"生的則",1
"生點",1
"生對",1
"生多生",1
"生而",1
"生而活",1
"生父母",1
"生還",1
"生好",1
"生會",1
"生活水準",1
"生活習慣",1
"生計",1
"生來",1
"生理",1
"生連",1
"生男",1
"生男而生",1
"生怕",1
"生生",1
"生是",1
"生說",1
"生為",1
"生意",1
"生因",1
"昇華",1
"聲",1
"聲響",1
"聲音",1
"省",1
"省下",1
"剩餘",1
"勝利",1
"聖誕節",1
"失落",1
"失效",1
"失業率",1
"失億",1
"失智",1
"施力",1
"師傅",1
"師妹",1
"師說",1
"師兄",1
"十",1
"十倍",1
"十多歲",1
"十幾萬",1
"十來",1
"十六",1
"十全十美",1
"十四歲",1
"十四萬",1
"十萬",1
"十萬家",1
"石田",1
"石頭",1
"食品",1
"食衣住行",1
"時不時",1
"時機",1
"時刻",1
"時期",1
"時若",1
"時時刻刻",1
"時數",1
"時長",1
"實際上",1
"實踐",1
"實力",1
"實利",1
"實施",1
"史上",1
"使命感",1
"使然",1
"始終",1
"士林",1
"世界排名",1
"市長",1
"示範",1
"式微",1
"事兒",1
"事件",1
"事實上",1
"事是",1
"事物",1
"事務",1
"事想",1
"事項",1
"事小",1
"事要",1
"事業心",1
"事宜",1
"事有",1
"事與願違",1
"是果",1
"是還",1
"是爛",1
"是我太",1
"視覺",1
"視訊",1
"視野",1
"試過",1
"試算",1
"試著",1
"適必",1
"適婚",1
"收盤",1
"收尾",1
"收益",1
"手臂",1
"手錶",1
"手冊",1
"手段",1
"手術",1
"手心",1
"手足",1
"首當其衝",1
"首選",1
"受歡迎",1
"受虐",1
"受騙",1
"受辱",1
"受傷",1
"受薪",1
"受罪",1
"瘦",1
"瘦下來",1
"書包",1
"書法",1
"書念",1
"書上",1
"殊途同歸",1
"舒坦",1
"輸",1
"輸給",1
"輸送到",1
"熟",1
"熟人",1
"薯塊",1
"束縛",1
"數",1
"數錢",1
"數是",1
"數字",1
"樹蔭",1
"刷新",1
"摔",1
"帥",1
"帥哥",1
"雙北",1
"雙手",1
"雙雙",1
"雙羽",1
"雙語",1
"爽翻",1
"誰還",1
"水晶鞋",1
"水深火熱",1
"水鄉澤國",1
"水中",1
"稅金",1
"睡個",1
"睡覺時間",1
"睡眠不足",1
"睡午覺",1
"睡眼惺忪",1
"睡著",1
"順勢",1
"說白",1
"說不出來",1
"說穿",1
"說道",1
"說好",1
"說試",1
"說養",1
"撕裂",1
"死前",1
"死刑",1
"四百萬",1
"四成",1
"四個",1
"四年",1
"四十年",1
"四萬元",1
"四項",1
"慫恿",1
"送到",1
"送回",1
"送漳和國",1
"搜尋",1
"訴求",1
"塑膠",1
"算進",1
"算算",1
"算下去",1
"雖有",1
"隨和",1
"隨時",1
"歲還",1
"歲略",1
"歲數",1
"歲月",1
"碎片",1
"孫",1
"孫子輩",1
"筍",1
"損失",1
"縮",1
"縮音",1
"所得稅率",1
"所想",1
"所云",1
"索馬利亞",1
"他夠",1
"他畫",1
"他連",1
"他人",1
"他生",1
"他者",1
"他轉",1
"它們",1
"她還",1
"踏上",1
"台北人",1
"台車",1
"台南",1
"台灣夠",1
"抬起",1
"臺北市",1
"臺大學生",1
"颱風",1
"太差",1
"太大因",1
"太多事",1
"太多太多",1
"太貴",1
"太極",1
"太爛",1
"太累",1
"太忙",1
"太天真",1
"太小",1
"太早",1
"太長",1
"態",1
"貪",1
"貪生怕死",1
"貪心",1
"癱",1
"談到",1
"探人",1
"探視",1
"湯瑪斯",1
"湯匙",1
"堂姐",1
"糖果",1
"糖尿病",1
"逃避",1
"逃出",1
"桃花",1
"桃花運",1
"淘汰",1
"討愛阿",1
"討好",1
"討人厭",1
"套",1
"特地去",1
"特定",1
"特休",1
"疼愛",1
"疼痛",1
"疼惜",1
"提",1
"提供",1
"題外話",1
"體能",1
"體術",1
"體貼",1
"體系",1
"體育課",1
"體制",1
"體重",1
"天賦",1
"天花",1
"天使",1
"天堂",1
"天文數字",1
"天呀",1
"添加",1
"添加劑",1
"填鴨式",1
"挑戰性",1
"挑正",1
"條帶",1
"跳出",1
"貼布",1
"貼個",1
"貼上標籤",1
"貼心",1
"鐵路",1
"鐵皮",1
"聽得懂",1
"聽過",1
"聽話",1
"聽聽",1
"廳",1
"停下",1
"挺不錯",1
"通報",1
"通貨膨脹",1
"同父異母",1
"同居",1
"同樂",1
"同類",1
"同理",1
"同齡",1
"同年齡",1
"同性",1
"同意",1
"同意書",1
"同志",1
"同桌",1
"童年",1
"桶",1
"統計學",1
"偷懶",1
"偷笑",1
"投入",1
"投食",1
"投胎",1
"骰子",1
"頭",1
"頭上",1
"頭疼",1
"頭痛",1
"透過",1
"突破",1
"途中",1
"土地",1
"吐司",1
"兔",1
"兔子",1
"團體",1
"團團圓圓",1
"推",1
"推遲",1
"推崇",1
"推動",1
"推薦",1
"推開",1
"推算",1
"退化",1
"退讓",1
"退伍",1
"退休金",1
"吞",1
"托",1
"托嬰",1
"拖",1
"拖會生",1
"拖油瓶",1
"託付",1
"脫",1
"脫褲子",1
"挖",1
"外出",1
"外公",1
"外國",1
"外國人",1
"外加",1
"外婆",1
"外商",1
"外套",1
"外傭來",1
"灣為何",1
"完大",1
"完美主義",1
"玩個",1
"玩好",1
"玩家",1
"玩沙",1
"玩玩",1
"玩笑話",1
"晚版",1
"晚婚",1
"晚年",1
"碗",1
"碗盤",1
"萬多",1
"萬分",1
"萬還",1
"萬美金",1
"萬物",1
"萬用",1
"萬住",1
"萬左右",1
"王菲",1
"往生",1
"網紅",1
"網路上",1
"網美",1
"網拍",1
"網站",1
"網址",1
"忘記",1
"危機",1
"微薄",1
"微微一笑",1
"惟一",1
"維繫",1
"尾聲",1
"委屈",1
"委屈求全",1
"未必",1
"未成年",1
"未滿",1
"位是",1
"為過",1
"為例",1
"為主",1
"胃裡",1
"蔚為",1
"衛兵",1
"衛生",1
"衛生紙",1
"餵食",1
"藯",1
"溫和",1
"溫柔",1
"溫文",1
"溫馨",1
"文化",1
"文章內容",1
"文字",1
"紋",1
"穩健",1
"穩妥",1
"問到",1
"問的",1
"問反",1
"問好",1
"問號",1
"問就連",1
"問了",1
"問你",1
"問是",1
"問為",1
"問我",1
"我並",1
"我成",1
"我仇孩",1
"我當",1
"我剛",1
"我國",1
"我講",1
"我交",1
"我連去",1
"我蠻",1
"我慶信",1
"我想生",1
"我養",1
"我則",1
"我照",1
"污染",1
"烏龜",1
"無法控制",1
"無法忍受",1
"無法自拔",1
"無非",1
"無父",1
"無感",1
"無價",1
"無解",1
"無力感",1
"無論",1
"無母",1
"無情",1
"無趣",1
"無缺",1
"無數",1
"無私",1
"無所謂",1
"無套",1
"無條件",1
"無痛",1
"無邪",1
"無心",1
"無休",1
"無言以對",1
"無用",1
"無憂無慮",1
"無緣",1
"無照駕駛",1
"無知",1
"五對",1
"五豪",1
"五千",1
"五十幾歲",1
"五十歲",1
"五欲",1
"午安",1
"午覺",1
"午夜",1
"伍佰",1
"忤逆",1
"武",1
"武器",1
"武行",1
"物件",1
"誤會",1
"西藏",1
"嬉鬧",1
"席中",1
"習",1
"洗帶",1
"洗過",1
"洗頭",1
"洗衣服",1
"喜",1
"喜好",1
"喜樂",1
"喜悅",1
"細胞",1
"細思極",1
"繫上",1
"下班時間",1
"下定決心",1
"下個月",1
"下會",1
"下家裡",1
"下結論",1
"下身",1
"下一階段",1
"下有",1
"嚇得",1
"嚇都給",1
"嚇跑",1
"先對",1
"先換",1
"先來",1
"先省",1
"先是",1
"先天",1
"先拖著",1
"先有",1
"先找",1
"閒錢",1
"閒著",1
"嫌棄",1
"顯",1
"顯出",1
"顯然",1
"顯示",1
"限於",1
"限制",1
"現年",1
"現任",1
"現象",1
"現有",1
"現職",1
"縣市",1
"相當程度",1
"相對而言",1
"相見",1
"相較",1
"相聚",1
"相貌",1
"相提並論",1
"香",1
"香港",1
"香火",1
"鄉下",1
"廂",1
"詳細",1
"享樂",1
"想吧",1
"想不通",1
"想出",1
"想當",1
"想都不想",1
"想給",1
"想顧",1
"想來",1
"想起",1
"想太多能",1
"想通",1
"想像到",1
"想學",1
"想一想",1
"像川普",1
"像二",1
"像連",1
"消防",1
"消防局",1
"消費力",1
"逍遙",1
"小白兔",1
"小便",1
"小產",1
"小常識",1
"小虫",1
"小叮噹",1
"小姑娘",1
"小姐",1
"小李",1
"小模",1
"小男生",1
"小坪數",1
"小聲點",1
"小屋",1
"小小年紀",1
"小心翼翼",1
"小學校",1
"小魚",1
"笑話",1
"寫道",1
"寫得",1
"寫書",1
"寫照",1
"寫作",1
"謝謝你們",1
"心得",1
"心浮氣躁",1
"心甘情願",1
"心力",1
"心目",1
"心生",1
"心事",1
"心跳",1
"心血",1
"心中",1
"辛勞",1
"新潮流",1
"新低",1
"新房",1
"新年快樂",1
"新奇",1
"新聞標題",1
"信任",1
"信箱",1
"行帶",1
"形成",1
"形式",1
"形象",1
"型",1
"幸福快樂",1
"性愛",1
"性解放",1
"性需求",1
"兄弟姐妹",1
"兇",1
"休閒活動",1
"修道",1
"修行",1
"修養",1
"嗅覺",1
"許",1
"蓄意",1
"宣布",1
"宣告",1
"宣誓",1
"選妃",1
"選來",1
"選情",1
"選請",1
"選有",1
"選擇題",1
"學貸",1
"學到",1
"學得",1
"學店",1
"學會",1
"學期",1
"學區",1
"學色界",1
"學生",1
"學業成績",1
"血",1
"血統",1
"血壓高",1
"血緣",1
"尋找",1
"循循善誘",1
"詢問",1
"訓練",1
"壓抑",1
"壓榨",1
"亞洲",1
"菸",1
"延平",1
"延伸",1
"延續",1
"言",1
"顏",1
"嚴肅",1
"眼白",1
"眼淚",1
"眼裡",1
"眼裡會",1
"眼尾",1
"儼然",1
"宴客",1
"厭惡感",1
"厭世",1
"養不太起",1
"養出",1
"養得",1
"養父母",1
"養個",1
"養女",1
"養小",1
"樣",1
"夭",1
"邀",1
"遙遙無期",1
"遙遠",1
"咬",1
"咬碎",1
"要不是",1
"要成",1
"要放飯",1
"要富養",1
"要花費",1
"要活",1
"要講",1
"要繳",1
"要教",1
"要接",1
"要買車",1
"要收",1
"要死要活",1
"要素",1
"要學神",1
"要業配",1
"要用",1
"要約",1
"要職",1
"耀眼",1
"也給",1
"也就是說",1
"夜晚",1
"頁",1
"葉黃素",1
"葉酸",1
"業對",1
"業務",1
"業務員",1
"一八",1
"一百分",1
"一百萬",1
"一百五十萬",1
"一版",1
"一伴",1
"一杯",1
"一倍",1
"一輩",1
"一本",1
"一病",1
"一餐",1
"一層",1
"一大",1
"一旦",1
"一刀",1
"一點點",1
"一對",1
"一頓飯",1
"一方",1
"一夫多妻",1
"一夫多妻制",1
"一夫一妻",1
"一副",1
"一個點",1
"一個個",1
"一個天",1
"一個願挨",1
"一個願打",1
"一花",1
"一會兒",1
"一家子",1
"一經",1
"一句",1
"一開",1
"一顆",1
"一塊",1
"一來",1
"一例",1
"一連串",1
"一臉",1
"一兩口",1
"一兩年",1
"一兩萬",1
"一輪",1
"一昧",1
"一名",1
"一男一女",1
"一念之間",1
"一旁",1
"一千",1
"一千萬",1
"一時",1
"一台",1
"一套",1
"一條街",1
"一晚",1
"一無所有",1
"一洗",1
"一下子",1
"一小",1
"一休",1
"一養",1
"一一",1
"一致",1
"衣食",1
"衣食無憂",1
"衣物",1
"衣著",1
"依舊",1
"醫科",1
"醫美",1
"疑慮",1
"儀式",1
"遺憾",1
"遺忘",1
"已屆",1
"已生",1
"已有",1
"以便",1
"以此",1
"以色列",1
"以身作則",1
"以至於",1
"椅子",1
"易",1
"疫情",1
"異國",1
"軼事",1
"億",1
"藝人",1
"藝術",1
"議題",1
"因不婚",1
"因工",1
"因果關係",1
"因為還",1
"陰影",1
"淫欲",1
"銀行",1
"引爆",1
"引發",1
"飲料",1
"飲料店",1
"隱瞞",1
"隱約",1
"印象",1
"英國",1
"英語教學",1
"嬰兒",1
"嬰兒車",1
"嬰孩",1
"應變",1
"贏了",1
"影片",1
"硬",1
"硬逼",1
"硬撐下去",1
"庸庸碌碌",1
"擁抱",1
"勇敢",1
"勇氣",1
"用功",1
"用力",1
"用品",1
"幽默",1
"悠閒",1
"優點",1
"優生學",1
"優先",1
"優閒",1
"優越",1
"由於",1
"遊說",1
"友人",1
"友善",1
"友社",1
"有板友",1
"有伴",1
"有筆",1
"有次",1
"有大",1
"有的",1
"有的是",1
"有房",1
"有風",1
"有感",1
"有感而發",1
"有計畫",1
"有間",1
"有利",1
"有貓",1
"有燒",1
"有所",1
"有太多",1
"有問",1
"有想生",1
"有用",1
"有餘",1
"有著",1
"有腫",1
"有租到",1
"又過",1
"又生",1
"右轉",1
"幼兒園",1
"幼年",1
"於是",1
"瑜",1
"虞",1
"餘力",1
"餘裕",1
"羽球",1
"雨後春筍",1
"與還",1
"欲哭無淚",1
"遇",1
"遇不到",1
"預",1
"預備",1
"預估",1
"預算",1
"癒",1
"鬱悶",1
"冤家",1
"元凶",1
"元整",1
"原生",1
"原則",1
"圓滑",1
"遠比",1
"遠超",1
"遠房親戚",1
"遠遠不夠",1
"怨",1
"怨女",1
"月光",1
"月還",1
"岳母",1
"越發",1
"越高",1
"越來越重",1
"越南",1
"越少",1
"越深",1
"越生",1
"越問",1
"越洋",1
"閱讀",1
"暈船",1
"勻",1
"允許",1
"孕育",1
"運動神經",1
"運動用品",1
"運氣",1
"運輸",1
"運用",1
"再大",1
"再多生",1
"再過",1
"再見",1
"再說",1
"再談",1
"再問",1
"再下",1
"再興",1
"再也不會",1
"在二",1
"在廣",1
"在講",1
"在經濟上",1
"在於",1
"暫離",1
"髒",1
"遭",1
"糟",1
"早餐",1
"早日",1
"早已",1
"早早",1
"造孽",1
"噪音",1
"則",1
"則無想問",1
"擇偶",1
"怎會",1
"怎麼回事",1
"怎樣才能",1
"增大",1
"增肥",1
"增進",1
"增長",1
"渣",1
"詐騙",1
"沾",1
"輾過",1
"占",1
"占據",1
"佔",1
"佔據",1
"佔去",1
"佔些",1
"站",1
"戰場",1
"戰鬥",1
"長邊",1
"長不大",1
"長大成人",1
"長假",1
"長征",1
"長子",1
"漲到",1
"丈夫",1
"招",1
"找對象",1
"找回",1
"照鏡子",1
"照料",1
"照樣",1
"照儀",1
"照著",1
"這吧",1
"這不",1
"這不生",1
"這才",1
"這串",1
"這點",1
"這都",1
"這段",1
"這段話",1
"這方面",1
"這高",1
"這根",1
"這還",1
"這和",1
"這話",1
"這塊",1
"這倆",1
"這麼久",1
"這摸",1
"這摸大",1
"這年頭",1
"這讓",1
"這事",1
"這太",1
"這條",1
"這要",1
"這陣子",1
"著覺",1
"著老",1
"著為",1
"著有",1
"珍珠奶茶",1
"真不知道",1
"真得",1
"真以",1
"陣子",1
"振作",1
"震撼",1
"震驚",1
"爭",1
"爭吵",1
"整",1
"整班",1
"整齊",1
"整體",1
"整形",1
"整整齊齊",1
"正常人",1
"正經",1
"正妹",1
"正要",1
"正義",1
"正子",1
"証",1
"鄭捷",1
"之",1
"之苦",1
"之樂",1
"之路",1
"之三",1
"之上",1
"之下",1
"之一",1
"支撐",1
"支出",1
"支援",1
"知名",1
"肢體",1
"直到現在",1
"直說",1
"直銷",1
"值變",1
"值不值得",1
"值得",1
"值太低",1
"植入",1
"職稱",1
"止痛藥",1
"只給",1
"只顧",1
"只管",1
"只花",1
"只會生",1
"只能靠",1
"只虐",1
"只怕",1
"只為",1
"只問",1
"只限",1
"只想花",1
"只想養",1
"指",1
"指出",1
"指望",1
"指責",1
"紙上",1
"紙箱",1
"至此",1
"至死",1
"志工",1
"志玲",1
"志願",1
"制度",1
"智慧",1
"智慧型",1
"置產",1
"置信",1
"質",1
"質問",1
"質疑",1
"緻",1
"中產階層",1
"中風",1
"中間",1
"中位數",1
"中下階層",1
"中小學",1
"中央大學",1
"中真想",1
"終身",1
"終於",1
"種",1
"種超",1
"種錯",1
"重",1
"重大事件",1
"重擔",1
"重度",1
"重覆",1
"重感冒",1
"重聽",1
"重心",1
"重症",1
"周",1
"周邊",1
"周末",1
"周圍",1
"週年",1
"週一",1
"諸多",1
"豬",1
"竹科",1
"逐漸",1
"主播",1
"主婦",1
"主見",1
"主流",1
"主義",1
"主義者",1
"主因",1
"住院",1
"住院費用",1
"注入",1
"注音",1
"祝福",1
"抓",1
"抓個",1
"抓住",1
"跩",1
"專家",1
"專業",1
"專業知識",1
"專注",1
"轉過身",1
"轉化",1
"轉捩點",1
"轉錄",1
"轉世",1
"轉移",1
"裝備",1
"裝病",1
"裝個",1
"撞",1
"追上",1
"追問",1
"追尋",1
"追著",1
"準確",1
"準時",1
"桌",1
"桌上",1
"滋潤",1
"滋味",1
"資質",1
"資助",1
"諮商",1
"姊妹",1
"自動",1
"自古",1
"自顧不暇",1
"自幾信",1
"自家",1
"自覺",1
"自立",1
"自戀",1
"自然而然",1
"自然界",1
"自學",1
"自以",1
"自怨自艾",1
"自願",1
"自知之明",1
"自尊",1
"子還",1
"宗教",1
"綜合",1
"總而言之",1
"總和",1
"走動",1
"走來",1
"走窮養",1
"走散",1
"走上",1
"走向",1
"走樣",1
"走鐘",1
"足球鞋",1
"族",1
"族過",1
"阻止",1
"祖國",1
"組",1
"組吧",1
"詛咒",1
"嘴巴",1
"最慘",1
"最大",1
"最低標準",1
"最多",1
"最高點",1
"最魯",1
"最難",1
"最怕",1
"最少",1
"最痛",1
"最晚",1
"最早",1
"最終",1
"尊貴",1
"昨滿",1
"昨是",1
"昨推著",1
"左",1
"左腳",1
"作罷",1
"作法",1
"作息",1
"作業",1
"作業簿",1
"作業員",1
"坐不住",1
"坐大眾",1
"做出",1
"做錯",1
"做得爛",1
"做飯",1
"做人",1
"做生意",1
"做則",1
"aa制",1
"all",1
"allows",1
"and2500012154500000",1
"andrea",1
"angels",1
"apple",1
"apple2",1
"b420",1
"bathroom",1
"best",1
"blahblah",1
"body",1
"boys",1
"bu",1
"cake",1
"capable",1
"ce",1
"clean",1
"cover",1
"crap",1
"do",1
"doingand",1
"dworkin",1
"e",1
"eq",1
"etc",1
"ex1",1
"ex3",1
"ex4",1
"ex5",1
"ex6",1
"f",1
"fd",1
"ff6a",1
"ff89",1
"for",1
"freed",1
"friend",1
"friendswell",1
"g",1
"gan",1
"girdles",1
"go",1
"google",1
"hang",1
"hating",1
"hey",1
"his",1
"house",1
"is",1
"j",1
"l",1
"liberated",1
"literallyfrom",1
"m",1
"make",1
"might",1
"mp3",1
"must",1
"mx8835",1
"myroommate",1
"n",1
"na",1
"ngo",1
"no",1
"o",1
"ones",1
"or",1
"out",1
"paint",1
"qaqex2",1
"qq2",1
"quite",1
"reewalker",1
"roommate",1
"salary",1
"she",1
"sop",1
"stanley",1
"t台",1
"ten",1
"toilet",1
"tom9",1
"uber",1
"varietes",1
"wash",1
"with",1
"woman",1
"wwwwwww",1
"xdd",1
"xddd",1
"you",1
"z",1
